<?xml version="1.0" encoding="UTF-8"?>
<project name="maven-antrun-" default="main">
  <target name="main">
    <exec executable="jpackage">
      <arg value="--type" />
      <arg value="app-image" />
      <arg value="--name" />
      <arg value="T2ISO" />
      <arg value="--input" />
      <arg value="/home/rishon/Projects/T2Linux/iso_downloader/target" />
      <arg value="--main-jar" />
      <arg value="iso-0.2-beta-jar-with-dependencies.jar" />
      <arg value="--main-class" />
      <arg value="iso.T2ISO" />
      <arg value="--java-options" />
      <arg value="-Djava.awt.headless=false" />
    </exec>
  </target>
</project>
